{
  "sample_n": 10000,
  "count_base": {
    "shape": [
      10000,
      58996
    ],
    "nnz": 979740,
    "vocab_size": 58996,
    "density": 0.16606888602617126,
    "features_preview": [
      "aaa",
      "aac",
      "aad",
      "aap",
      "aar",
      "aargm",
      "aasm",
      "aba",
      "abake",
      "abassi"
    ]
  },
  "count_params": {
    "shape": [
      10000,
      1000
    ],
    "nnz": 530283,
    "vocab_size": 1000,
    "density": 5.30283,
    "features_preview": [
      "associated",
      "bbc",
      "com",
      "daily",
      "facebook",
      "news",
      "press",
      "reuters",
      "the",
      "times"
    ]
  },
  "count_ngram": {
    "shape": [
      10000,
      1000
    ],
    "nnz": 539536,
    "features_preview": [
      "associated",
      "associated press",
      "daily",
      "facebook",
      "news",
      "press",
      "reuters",
      "the",
      "twitter",
      "авар"
    ]
  },
  "tfidf_base": {
    "shape": [
      10000,
      58996
    ],
    "nnz": 979740
  },
  "tfidf_params": {
    "shape": [
      10000,
      1000
    ],
    "nnz": 530283,
    "features_preview": [
      "associated",
      "bbc",
      "com",
      "daily",
      "facebook",
      "news",
      "press",
      "reuters",
      "the",
      "times"
    ],
    "idf_preview": [
      4.43278804375386,
      4.91212300042848,
      4.968693351916874,
      4.684987427844732,
      4.877721573711147,
      4.160706911744558,
      4.384440259596065,
      3.9413440832702547,
      3.4373599913209807,
      4.902172669575311
    ]
  },
  "sparsity": {
    "count_base": {
      "shape": [
        10000,
        58996
      ],
      "nnz": 979740,
      "density": 0.16606888602617126,
      "mean_features": 97.974,
      "median_features": 94.0,
      "min_features": 1,
      "max_features": 335
    },
    "count_params": {
      "shape": [
        10000,
        1000
      ],
      "nnz": 530283,
      "density": 5.30283,
      "mean_features": 53.0283,
      "median_features": 51.0,
      "min_features": 0,
      "max_features": 173
    },
    "tfidf_params": {
      "shape": [
        10000,
        1000
      ],
      "nnz": 530283,
      "density": 5.30283,
      "mean_features": 53.0283,
      "median_features": 51.0,
      "min_features": 0,
      "max_features": 173
    }
  },
  "min_df_table": [
    {
      "min_df": 1,
      "n_features": 58996,
      "nnz": 979740,
      "density": 0.16606888602617126,
      "mean_features": 97.974
    },
    {
      "min_df": 2,
      "n_features": 28891,
      "nnz": 949635,
      "density": 0.32869578761552043,
      "mean_features": 94.9635
    },
    {
      "min_df": 5,
      "n_features": 14890,
      "nnz": 912782,
      "density": 0.6130167897918066,
      "mean_features": 91.2782
    },
    {
      "min_df": 10,
      "n_features": 9508,
      "nnz": 877562,
      "density": 0.9229722339082878,
      "mean_features": 87.7562
    },
    {
      "min_df": 20,
      "n_features": 5985,
      "nnz": 829751,
      "density": 1.3863842940685047,
      "mean_features": 82.9751
    },
    {
      "min_df": 50,
      "n_features": 3084,
      "nnz": 739629,
      "density": 2.3982782101167315,
      "mean_features": 73.9629
    }
  ],
  "max_df_table": [
    {
      "max_df": 0.5,
      "n_features": 28888,
      "nnz": 930925,
      "density": 0.3222531847133758,
      "mean_features": 93.0925
    },
    {
      "max_df": 0.6,
      "n_features": 28889,
      "nnz": 936914,
      "density": 0.32431513724947214,
      "mean_features": 93.6914
    },
    {
      "max_df": 0.7,
      "n_features": 28891,
      "nnz": 949635,
      "density": 0.32869578761552043,
      "mean_features": 94.9635
    },
    {
      "max_df": 0.8,
      "n_features": 28891,
      "nnz": 949635,
      "density": 0.32869578761552043,
      "mean_features": 94.9635
    },
    {
      "max_df": 0.9,
      "n_features": 28891,
      "nnz": 949635,
      "density": 0.32869578761552043,
      "mean_features": 94.9635
    },
    {
      "max_df": 1.0,
      "n_features": 28891,
      "nnz": 949635,
      "density": 0.32869578761552043,
      "mean_features": 94.9635
    }
  ]
}